category,brand,name
facewash,CeraVe,Foaming Facial Cleanser
facewash,Cetaphil,Gentle Skin Cleanser
facewash,Dot & Key,Hydrating Face Wash
facewash,Himalaya,Purifying Neem Face Wash
facewash,Neutrogena,Oil-Free Acne Wash
facewash,Simple,Kind to Skin Refreshing Facial Wash
facewash,Clean & Clear,Oil Control Foaming Face Wash
facewash,St. Ives,Acne Control Apricot Scrub
facewash,Biore,Charcoal Acne Clearing Cleanser
facewash,The Body Shop,Tea Tree Skin Clearing Facial Wash
facewash,Clinique,Acne Solutions Cleansing Foam
facewash,La Roche-Posay,Effaclar Purifying Foaming Gel
facewash,Paula's Choice,Perfectly Balanced Foaming Cleanser
facewash,First Aid Beauty,Face Cleanser
facewash,Glossier,Milky Jelly Cleanser
serum,The Ordinary,Niacinamide 10% + Zinc 1%
serum,The Ordinary,Hyaluronic Acid 2% + B5
serum,The Ordinary,Vitamin C Suspension 23% + HA Spheres 2%
serum,The Ordinary,Retinol 0.5% in Squalane
serum,The Ordinary,AHA 30% + BHA 2% Peeling Solution
serum,The Ordinary,Alpha Arbutin 2% + HA
serum,The Ordinary,Matrixyl 10% + HA
serum,The Ordinary,Argireline Solution 10%
serum,The Ordinary,Buffet
serum,The Ordinary,Resveratrol 3% + Ferulic Acid 3%
serum,The Ordinary,Marine Hyaluronics
serum,The Ordinary,Multi-Peptide + HA Serum
serum,The Ordinary,EUK 134 0.1%
serum,The Ordinary,Pycnogenol 5%
sunscreen,Neutrogena,UltraSheer Dry-Touch SPF50+
sunscreen,La Roche-Posay,Anthelios Ultra Light Fluid SPF50+
sunscreen,Biore,Aqua Rich Watery Essence SPF50+
sunscreen,Supergoop,Unseen Sunscreen SPF40
sunscreen,EltaMD,UV Clear Broad-Spectrum SPF46
sunscreen,CeraVe,Ultra-Light Moisturizing Lotion SPF30
sunscreen,Paula's Choice,Essential Glow Moisturizer SPF30
sunscreen,The Ordinary,Mineral UV Filters SPF30
sunscreen,Clinique,City Block Sheer Oil-Free Daily Face Protector SPF25
sunscreen,Shiseido,Ultimate Sun Protection Lotion SPF50+
sunscreen,ISDIN,Fotoprotector ISDIN Fusion Water SPF50
sunscreen,Heliocare,360° Gel Oil-Free SPF50
sunscreen,Avène,Very High Protection Fluid SPF50+
sunscreen,Vichy,Ideal Soleil Anti-Aging Sunscreen SPF50
sunscreen,Anthelios,Invisible Fluid SPF50+
moisturizer,CeraVe,Moisturizing Cream
moisturizer,Neutrogena,Hydro Boost Water Gel
moisturizer,The Ordinary,Natural Moisturizing Factors + HA
moisturizer,Clinique,Dramatically Different Moisturizing Lotion
moisturizer,La Roche-Posay,Toleriane Double Repair Face Moisturizer
moisturizer,Paula's Choice,Omega+ Complex Moisturizer
moisturizer,First Aid Beauty,Ultra Repair Cream
moisturizer,Glossier,Priming Moisturizer
moisturizer,The Body Shop,Aloe Soothing Day Cream
moisturizer,Simple,Kind to Skin Hydrating Light Moisturizer
moisturizer,Olay,Regenerist Micro-Sculpting Cream
moisturizer,Clinique,Moisture Surge 72-Hour Auto-Replenishing Hydrator
moisturizer,La Mer,Crème de la Mer
moisturizer,SK-II,Facial Treatment Essence
moisturizer,Estée Lauder,Advanced Night Repair Synchronized Multi-Recovery Complex
toner,Pixi,Glow Tonic
toner,The Ordinary,Glycolic Acid 7% Toning Solution
toner,Paula's Choice,2% BHA Liquid Exfoliant
toner,Thayers,Witch Hazel Toner
toner,Clinique,Clarifying Lotion 2
toner,La Roche-Posay,Serozinc
toner,The Body Shop,Tea Tree Skin Clearing Mattifying Toner
toner,Simple,Kind to Skin Soothing Facial Toner
toner,Neutrogena,Pore Refining Toner
toner,Biore,Deep Pore Charcoal Cleanser
toner,First Aid Beauty,Facial Radiance Pads
toner,Glossier,Solution
toner,The Ordinary,7% Glycolic Acid Toning Solution
toner,Paula's Choice,Advanced Replenishing Toner
toner,Clinique,Moisture Surge Face Spray





